session_uid,raw_pa_id,age_values,mssq_values,gender_values,consistent
PA100_Reverse_Optical_Flow,PA100,1,1,1,True
PA103_Reverse_Optical_Flow,PA103,1,1,1,True
PA104_Reverse_Optical_Flow,PA104,1,1,1,True
PA105_Reverse_Optical_Flow_10_34_44_AM,PA105,1,1,1,True
PA106_Reverse_Optical_Flow_2_10_12_PM,PA106,1,1,1,True
PA107_Reverse_Optical_Flow_5_49_54_PM,PA107,1,1,1,True
PA108_Reverse_Optical_Flow_6_05_04_PM,PA108,1,1,1,True
PA109_Reverse_Optical_Flow_6_24_30_PM,PA109,1,1,1,True
PA10_Base_11_31_04_AM,PA10,1,1,1,True
PA10_Base_1_32_26_PM,PA10,1,1,1,True
PA10_ROF_Foward_WhiteLine_11_05_21_AM,PA10,1,1,1,True
PA10_RoF_Backward_Texture_5_19_07_PM,PA10,1,1,1,True
PA10_RoF_Foward_Texture_2_03_06_PM,PA10,1,1,1,True
PA10_RoF_Original_11_08_44_AM,PA10,1,1,1,True
PA110_Reverse_Optical_Flow_6_47_18_PM,PA110,1,1,1,True
PA111_Reverse_Optical_Flow_7_01_35_PM,PA111,1,1,1,True
PA112_Reverse_Optical_Flow_11_23_37_AM,PA112,1,1,1,True
PA114_Reverse_Optical_Flow_3_06_11_PM,PA114,1,1,1,True
PA115_Reverse_Optical_Flow_5_40_37_PM,PA115,1,1,1,True
PA115_Reverse_Optical_Flow_6_28_52_PM,PA115,1,1,1,True
PA117_Reverse_Optical_Flow_11_44_23_AM,PA117,1,1,1,True
PA118_Reverse_Optical_Flow_2_30_47_PM,PA118,1,1,1,True
PA119_Reverse_Optical_Flow_3_45_18_PM,PA119,1,1,1,True
PA11_Base_1_52_14_PM,PA11,1,1,1,True
PA11_ROF_Foward_WhiteLine_1_37_39_PM,PA11,1,1,1,True
PA11_Reverse_Optical_Flow_High_Density_12_11_31_PM,PA11,1,1,1,True
PA11_RoF_Foward_Texture_5_18_19_PM,PA11,1,1,1,True
PA11_RoF_Original_2_31_40_PM,PA11,1,1,1,True
PA120_Reverse_Optical_Flow_10_09_43_AM,PA120,1,1,1,True
PA12_Base_12_16_43_PM,PA12,1,1,1,True
PA12_Base_3_06_37_PM,PA12,1,1,1,True
PA12_Base_3_31_56_PM,PA12,1,1,1,True
PA12_Base_6_06_13_PM,PA12,1,1,1,True
PA12_ROF_Foward_WhiteLine_3_36_03_PM,PA12,1,1,1,True
PA12_ROF_Original_5_26_18_PM,PA12,1,1,1,True
PA12_Reverse_Optical_Flow_Backward_Texture_5_49_09_PM,PA12,1,1,1,True
PA12_Reverse_Optical_Flow_Foward_Texture_7_06_02_PM,PA12,1,1,1,True
PA12_Reverse_Optical_Flow_High_Density_7_29_49_PM,PA12,1,1,1,True
PA12_RoF_Backward_Texture_3_33_49_PM,PA12,1,1,1,True
PA12_RoF_Foward_Texture_5_06_00_PM,PA12,1,1,1,True
PA12_RoF_Original_11_44_41_AM,PA12,1,1,1,True
PA13_Base_11_32_30_AM,PA13,1,1,1,True
PA13_Base_2_32_12_PM,PA13,1,1,1,True
PA13_Base_3_19_26_PM,PA13,1,1,1,True
PA13_Base_4_02_22_PM,PA13,1,1,1,True
PA13_ROF_Original_11_22_51_AM,PA13,1,1,1,True
PA13_Reverse_Optical_Flow_Backward_Texture_9_58_13_AM,PA13,1,1,1,True
PA13_Reverse_Optical_Flow_Foward_Texture_9_55_46_AM,PA13,1,1,1,True
PA13_Reverse_Optical_Flow_High_Density_2_06_23_PM,PA13,1,1,1,True
PA13_Reverse_Optical_Flow_Low_Density_2_04_28_PM,PA13,1,1,1,True
PA13_RoF_Backward_Texture_5_51_07_PM,PA13,1,1,1,True
PA14_Base_4_12_51_PM,PA14,1,1,1,True
PA14_Base_4_26_11_PM,PA14,1,1,1,True
PA14_Base_5_03_02_PM,PA14,1,1,1,True
PA14_Base_5_34_25_PM,PA14,1,1,1,True
PA14_ROF_Foward_WhiteLine_2_32_04_PM,PA14,1,1,1,True
PA14_ROF_Original_3_01_42_PM,PA14,1,1,1,True
PA14_Reverse_Optical_Flow_Backward_Texture_1_36_15_PM,PA14,1,1,1,True
PA14_Reverse_Optical_Flow_Foward_Texture_11_44_29_AM,PA14,1,1,1,True
PA14_Reverse_Optical_Flow_High_Density_5_17_03_PM,PA14,1,1,1,True
PA14_Reverse_Optical_Flow_Low_Density_3_32_09_PM,PA14,1,1,1,True
PA14_RoF_Backward_Texture_5_05_13_PM,PA14,1,1,1,True
PA14_RoF_Foward_Texture_2_13_35_PM,PA14,1,1,1,True
PA14_RoF_Original_2_01_16_PM,PA14,1,1,1,True
PA15_Base_10_01_23_AM,PA15,1,1,1,True
PA15_Base_10_05_36_AM,PA15,1,1,1,True
PA15_Base_10_38_53_AM,PA15,1,1,1,True
PA15_Base_5_49_56_PM,PA15,1,1,1,True
PA15_ROF_Foward_WhiteLine_12_17_21_PM,PA15,1,1,1,True
PA15_ROF_Original_10_39_35_AM,PA15,1,1,1,True
PA15_Reverse_Optical_Flow_Backward_Texture_10_01_32_AM,PA15,1,1,1,True
PA15_Reverse_Optical_Flow_Foward_Texture_10_31_32_AM,PA15,1,1,1,True
PA15_RoF_Backward_Texture_5_52_07_PM,PA15,1,1,1,True
PA15_RoF_Foward_Texture_12_13_01_PM,PA15,1,1,1,True
PA15_RoF_Original_12_17_39_PM,PA15,1,1,1,True
PA16_Base_11_05_58_AM,PA16,1,1,1,True
PA16_Base_1_33_01_PM,PA16,1,1,1,True
PA16_Reverse_Optical_Flow_Backward_Texture_5_29_44_PM,PA16,1,1,1,True
PA16_Reverse_Optical_Flow_Low_Density_7_12_50_PM,PA16,1,1,1,True
PA17_Base_10_40_10_AM,PA17,1,1,1,True
PA17_Base_2_06_00_PM,PA17,1,1,1,True
PA17_Base_2_37_05_PM,PA17,1,1,1,True
PA17_ROF_Foward_WhiteLine_10_38_34_AM,PA17,1,1,1,True
PA17_ROF_Foward_WhiteLine_1_34_57_PM,PA17,1,1,1,True
PA17_Reverse_Optical_Flow_High_Density_4_38_32_PM,PA17,1,1,1,True
PA17_Reverse_Optical_Flow_Low_Density_4_35_41_PM,PA17,1,1,1,True
PA17_RoF_Backward_Texture_12_07_47_PM,PA17,1,1,1,True
PA17_RoF_Foward_Texture_4_38_21_PM,PA17,1,1,1,True
PA17_RoF_Original_2_37_50_PM,PA17,1,1,1,True
PA18_Base_11_04_04_AM,PA18,1,1,1,True
PA18_Base_3_29_33_PM,PA18,1,1,1,True
PA18_Base_3_51_53_PM,PA18,1,1,1,True
PA18_Base_7_09_12_PM,PA18,1,1,1,True
PA18_ROF_Foward_WhiteLine_3_00_40_PM,PA18,1,1,1,True
PA18_ROF_Original_4_27_06_PM,PA18,1,1,1,True
PA18_Reverse_Optical_Flow_Backward_Texture_11_06_46_AM,PA18,1,1,1,True
PA18_Reverse_Optical_Flow_Foward_Texture_11_17_29_AM,PA18,1,1,1,True
PA18_Reverse_Optical_Flow_High_Density_3_05_38_PM,PA18,1,1,1,True
PA18_Reverse_Optical_Flow_Low_Density_5_05_13_PM,PA18,1,1,1,True
PA18_RoF_Backward_Texture_11_04_01_AM,PA18,1,1,1,True
PA18_RoF_Foward_Texture_11_58_09_AM,PA18,1,1,1,True
PA18_RoF_Original_11_04_23_AM,PA18,1,1,1,True
PA19_Base_11_04_42_AM,PA19,1,1,1,True
PA19_Base_5_51_56_PM,PA19,1,1,1,True
PA19_Base_6_43_40_PM,PA19,1,1,1,True
PA19_Base_7_34_29_PM,PA19,1,1,1,True
PA19_ROF_Foward_WhiteLine_2_08_09_PM,PA19,1,1,1,True
PA19_ROF_Original_11_09_50_AM,PA19,1,1,1,True
PA19_Reverse_Optical_Flow_Backward_Texture_11_35_24_AM,PA19,1,1,1,True
PA19_Reverse_Optical_Flow_Foward_Texture_10_24_57_AM,PA19,1,1,1,True
PA19_Reverse_Optical_Flow_High_Density_11_36_10_AM,PA19,1,1,1,True
PA19_Reverse_Optical_Flow_Low_Density_10_02_23_AM,PA19,1,1,1,True
PA19_RoF_Backward_Texture_4_21_47_PM,PA19,1,1,1,True
PA19_RoF_Foward_Texture_3_49_46_PM,PA19,1,1,1,True
PA19_RoF_Original_5_06_09_PM,PA19,1,1,1,True
PA1_Base,PA1,1,1,1,True
PA201_Noise,PA201,1,1,1,True
PA202_Noise,PA202,1,1,1,True
PA203_Noise,PA203,1,1,1,True
PA204_Noise_5_44_47_PM,PA204,1,1,1,True
PA205_Noise_11_30_32_AM,PA205,1,1,1,True
PA206_Noise_11_05_15_AM,PA206,1,1,1,True
PA207_Noise_12_14_12_PM,PA207,1,1,1,True
PA208_Noise_1_06_53_PM,PA208,1,1,1,True
PA209_Noise_4_44_14_PM,PA209,1,1,1,True
PA20_Base_1_47_30_PM,PA20,1,1,1,True
PA20_Base_3_07_01_PM,PA20,1,1,1,True
PA20_ROF_Foward_WhiteLine_5_28_49_PM,PA20,1,1,1,True
PA20_Reverse_Optical_Flow_Low_Density_1_32_05_PM,PA20,1,1,1,True
PA20_RoF_Backward_Texture_2_02_32_PM,PA20,1,1,1,True
PA20_RoF_Foward_Texture_1_45_33_PM,PA20,1,1,1,True
PA20_RoF_Original_1_41_39_PM,PA20,1,1,1,True
PA210_Noise_2_21_19_PM,PA210,1,1,1,True
PA211_Noise_6_54_36_PM,PA211,1,1,1,True
PA212_Noise_10_38_52_AM,PA212,1,1,1,True
PA213_Noise_1_25_40_PM,PA213,1,1,1,True
PA214_Noise_4_01_27_PM,PA214,1,1,1,True
PA215_Noise_7_07_09_PM,PA215,1,1,1,True
PA216_Noise_7_29_01_PM,PA216,1,1,1,True
PA217_Noise_7_46_34_PM,PA217,1,1,1,True
PA218_Noise_2_45_14_PM,PA218,1,1,1,True
PA219_Noise_4_05_37_PM,PA219,1,1,1,True
PA21_Base_10_47_58_AM,PA21,1,1,1,True
PA21_Base_3_06_11_PM,PA21,1,1,1,True
PA21_Base_3_44_36_PM,PA21,1,1,1,True
PA21_Base_5_34_52_PM,PA21,1,1,1,True
PA21_ROF_Foward_WhiteLine_3_33_59_PM,PA21,1,1,1,True
PA21_ROF_Original_11_02_04_AM,PA21,1,1,1,True
PA21_Reverse_Optical_Flow_Backward_Texture_1_01_58_PM,PA21,1,1,1,True
PA21_Reverse_Optical_Flow_Foward_Texture_5_31_41_PM,PA21,1,1,1,True
PA21_Reverse_Optical_Flow_High_Density_10_02_52_AM,PA21,1,1,1,True
PA21_Reverse_Optical_Flow_Low_Density_2_03_36_PM,PA21,1,1,1,True
PA21_RoF_Backward_Texture_3_35_45_PM,PA21,1,1,1,True
PA21_RoF_Foward_Texture_3_21_09_PM,PA21,1,1,1,True
PA220_Noise_5_22_13_PM,PA220,1,1,1,True
PA22_Base_10_05_40_AM,PA22,1,1,1,True
PA22_ROF_Foward_WhiteLine_10_23_20_AM,PA22,1,1,1,True
PA22_ROF_Original_5_35_18_PM,PA22,1,1,1,True
PA22_Reverse_Optical_Flow_Backward_Texture_5_03_03_PM,PA22,1,1,1,True
PA22_Reverse_Optical_Flow_High_Density_3_02_13_PM,PA22,1,1,1,True
PA22_Reverse_Optical_Flow_Low_Density_11_14_28_AM,PA22,1,1,1,True
PA22_RoF_Backward_Texture_2_33_46_PM,PA22,1,1,1,True
PA22_RoF_Foward_Texture_1_31_43_PM,PA22,1,1,1,True
PA22_RoF_Original_10_18_13_AM,PA22,1,1,1,True
PA23_Base_12_23_59_PM,PA23,1,1,1,True
PA23_Base_4_02_36_PM,PA23,1,1,1,True
PA23_ROF_Original_2_35_00_PM,PA23,1,1,1,True
PA23_Reverse_Optical_Flow_Backward_Texture_4_00_42_PM,PA23,1,1,1,True
PA23_Reverse_Optical_Flow_Foward_Texture_11_25_55_AM,PA23,1,1,1,True
PA23_Reverse_Optical_Flow_Low_Density_4_32_28_PM,PA23,1,1,1,True
PA23_RoF_Backward_Texture_1_42_35_PM,PA23,1,1,1,True
PA24_ROF_Original_10_37_28_AM,PA24,1,1,1,True
PA24_Reverse_Optical_Flow_Backward_Texture_11_05_02_AM,PA24,1,1,1,True
PA24_Reverse_Optical_Flow_Foward_Texture_10_36_05_AM,PA24,1,1,1,True
PA25_Base_2_32_27_PM,PA25,1,1,1,True
PA25_Base_3_03_16_PM,PA25,1,1,1,True
PA25_ROF_Foward_WhiteLine_1_55_12_PM,PA25,1,1,1,True
PA25_ROF_Original_10_07_13_AM,PA25,1,1,1,True
PA25_Reverse_Optical_Flow_Backward_Texture_10_02_22_AM,PA25,1,1,1,True
PA25_Reverse_Optical_Flow_Foward_Texture_10_00_09_AM,PA25,1,1,1,True
PA25_RoF_Backward_Texture_3_05_59_PM,PA25,1,1,1,True
PA25_RoF_Foward_Texture_1_09_44_PM,PA25,1,1,1,True
PA25_RoF_Original_2_39_49_PM,PA25,1,1,1,True
PA26_Base_2_32_34_PM,PA26,1,1,1,True
PA26_Base_2_55_33_PM,PA26,1,1,1,True
PA26_ROF_Original_3_03_35_PM,PA26,1,1,1,True
PA26_Reverse_Optical_Flow_Backward_Texture_4_07_36_PM,PA26,1,1,1,True
PA26_Reverse_Optical_Flow_Foward_Texture_4_06_17_PM,PA26,1,1,1,True
PA26_Reverse_Optical_Flow_High_Density_2_05_59_PM,PA26,1,1,1,True
PA26_Reverse_Optical_Flow_Low_Density_2_34_20_PM,PA26,1,1,1,True
PA27_Base_11_56_27_AM,PA27,1,1,1,True
PA27_Base_5_22_42_PM,PA27,1,1,1,True
PA27_ROF_Foward_WhiteLine_4_34_54_PM,PA27,1,1,1,True
PA27_ROF_Original_12_05_43_PM,PA27,1,1,1,True
PA27_Reverse_Optical_Flow_Backward_Texture_5_01_59_PM,PA27,1,1,1,True
PA27_Reverse_Optical_Flow_Foward_Texture_12_13_37_PM,PA27,1,1,1,True
PA27_RoF_Backward_Texture_5_20_24_PM,PA27,1,1,1,True
PA27_RoF_Foward_Texture_4_02_52_PM,PA27,1,1,1,True
PA27_RoF_Original_4_35_21_PM,PA27,1,1,1,True
PA28_Base_12_05_48_PM,PA28,1,1,1,True
PA28_Base_2_37_51_PM,PA28,1,1,1,True
PA28_Base_7_22_24_PM,PA28,1,1,1,True
PA28_ROF_Foward_WhiteLine_4_21_04_PM,PA28,1,1,1,True
PA28_ROF_Original_1_35_42_PM,PA28,1,1,1,True
PA28_Reverse_Optical_Flow_Backward_Texture_2_51_41_PM,PA28,1,1,1,True
PA28_Reverse_Optical_Flow_Foward_Texture_7_24_59_PM,PA28,1,1,1,True
PA28_Reverse_Optical_Flow_High_Density_11_48_13_AM,PA28,1,1,1,True
PA28_Reverse_Optical_Flow_Low_Density_12_30_05_PM,PA28,1,1,1,True
PA28_RoF_Backward_Texture_4_29_50_PM,PA28,1,1,1,True
PA28_RoF_Foward_Texture_4_33_21_PM,PA28,1,1,1,True
PA28_RoF_Original_4_19_00_PM,PA28,1,1,1,True
PA29_Base_10_10_06_AM,PA29,1,1,1,True
PA29_Base_10_46_58_AM,PA29,1,1,1,True
PA29_Base_5_07_37_PM,PA29,1,1,1,True
PA29_ROF_Foward_WhiteLine_5_01_38_PM,PA29,1,1,1,True
PA29_ROF_Original_4_39_42_PM,PA29,1,1,1,True
PA29_Reverse_Optical_Flow_Backward_Texture_5_38_23_PM,PA29,1,1,1,True
PA29_Reverse_Optical_Flow_Foward_Texture_5_33_48_PM,PA29,1,1,1,True
PA29_Reverse_Optical_Flow_High_Density_10_36_15_AM,PA29,1,1,1,True
PA29_Reverse_Optical_Flow_Low_Density_3_06_30_PM,PA29,1,1,1,True
PA29_Reverse_Optical_Flow_Low_Density_4_04_06_PM,PA29,1,1,1,True
PA29_RoF_Backward_Texture_12_03_15_PM,PA29,1,1,1,True
PA29_RoF_Foward_Texture_4_59_17_PM,PA29,1,1,1,True
PA29_RoF_Original_10_09_04_AM,PA29,1,1,1,True
PA2_Base,PA2,1,1,1,True
PA2_Base_3_07_08_PM,PA2,1,1,1,True
PA2_Base_3_30_48_PM,PA2,1,1,1,True
PA2_Base_4_29_50_PM,PA2,1,1,1,True
PA2_Base_6_04_59_PM,PA2,1,1,1,True
PA2_ROF_Foward_WhiteLine_4_31_48_PM,PA2,1,1,1,True
PA2_ROF_Original_4_48_17_PM,PA2,1,1,1,True
PA2_Reverse_Optical_Flow_Backward_Texture_12_03_41_PM,PA2,1,1,1,True
PA2_Reverse_Optical_Flow_Foward_Texture_2_04_39_PM,PA2,1,1,1,True
PA2_Reverse_Optical_Flow_High_Density_3_50_29_PM,PA2,1,1,1,True
PA2_Reverse_Optical_Flow_Low_Density_2_12_43_PM,PA2,1,1,1,True
PA2_RoF_Backward_Texture_3_59_32_PM,PA2,1,1,1,True
PA2_RoF_Foward_Texture_4_05_27_PM,PA2,1,1,1,True
PA2_RoF_Original_4_34_23_PM,PA2,1,1,1,True
PA30_Base_1_40_52_PM,PA30,1,1,1,True
PA30_Base_3_32_33_PM,PA30,1,1,1,True
PA30_Reverse_Optical_Flow_High_Density_10_51_14_AM,PA30,1,1,1,True
PA30_Reverse_Optical_Flow_Low_Density_3_06_30_PM,PA30,1,1,1,True
PA31_Base_4_27_26_PM,PA31,1,1,1,True
PA31_ROF_Foward_WhiteLine_1_38_24_PM,PA31,1,1,1,True
PA31_RoF_Backward_Texture_4_16_36_PM,PA31,1,1,1,True
PA31_RoF_Foward_Texture_1_37_19_PM,PA31,1,1,1,True
PA31_RoF_Original_4_04_37_PM,PA31,1,1,1,True
PA32_Base_10_34_47_AM,PA32,1,1,1,True
PA32_Base_11_33_00_AM,PA32,1,1,1,True
PA32_ROF_Original_3_31_59_PM,PA32,1,1,1,True
PA32_Reverse_Optical_Flow_Backward_Texture_2_04_13_PM,PA32,1,1,1,True
PA32_Reverse_Optical_Flow_Foward_Texture_5_34_05_PM,PA32,1,1,1,True
PA32_Reverse_Optical_Flow_High_Density_4_54_55_PM,PA32,1,1,1,True
PA32_Reverse_Optical_Flow_Low_Density_10_36_18_AM,PA32,1,1,1,True
PA32_RoF_Backward_Texture_3_07_52_PM,PA32,1,1,1,True
PA32_RoF_Original_2_37_43_PM,PA32,1,1,1,True
PA33_Base_12_06_22_PM,PA33,1,1,1,True
PA33_Base_1_40_17_PM,PA33,1,1,1,True
PA33_Base_4_27_15_PM,PA33,1,1,1,True
PA33_ROF_Foward_WhiteLine_3_26_17_PM,PA33,1,1,1,True
PA33_ROF_Original_5_18_46_PM,PA33,1,1,1,True
PA33_Reverse_Optical_Flow_Backward_Texture_11_12_17_AM,PA33,1,1,1,True
PA33_RoF_Backward_Texture_2_53_35_PM,PA33,1,1,1,True
PA33_RoF_Foward_Texture_5_13_19_PM,PA33,1,1,1,True
PA33_RoF_Original_2_58_09_PM,PA33,1,1,1,True
PA34_Base_10_33_12_AM,PA34,1,1,1,True
PA34_Base_5_03_07_PM,PA34,1,1,1,True
PA34_Base_7_00_06_PM,PA34,1,1,1,True
PA34_ROF_Foward_WhiteLine_11_22_11_AM,PA34,1,1,1,True
PA34_ROF_Original_1_27_15_PM,PA34,1,1,1,True
PA34_Reverse_Optical_Flow_Backward_Texture_2_34_39_PM,PA34,1,1,1,True
PA34_Reverse_Optical_Flow_Foward_Texture_11_24_44_AM,PA34,1,1,1,True
PA34_Reverse_Optical_Flow_High_Density_5_02_14_PM,PA34,1,1,1,True
PA34_Reverse_Optical_Flow_Low_Density_2_39_44_PM,PA34,1,1,1,True
PA34_RoF_Backward_Texture_7_02_41_PM,PA34,1,1,1,True
PA34_RoF_Foward_Texture_1_47_59_PM,PA34,1,1,1,True
PA34_RoF_Original_11_55_25_AM,PA34,1,1,1,True
PA35_Base_3_05_24_PM,PA35,1,1,1,True
PA35_Base_4_19_43_PM,PA35,1,1,1,True
PA35_Base_5_44_05_PM,PA35,1,1,1,True
PA35_ROF_Foward_WhiteLine_4_35_03_PM,PA35,1,1,1,True
PA35_Reverse_Optical_Flow_High_Density_6_11_19_PM,PA35,1,1,1,True
PA35_Reverse_Optical_Flow_Low_Density_3_05_28_PM,PA35,1,1,1,True
PA35_RoF_Backward_Texture_4_08_36_PM,PA35,1,1,1,True
PA35_RoF_Foward_Texture_12_07_05_PM,PA35,1,1,1,True
PA35_RoF_Original_4_02_13_PM,PA35,1,1,1,True
PA36_Base_2_12_48_PM,PA36,1,1,1,True
PA36_ROF_Original_7_37_19_PM,PA36,1,1,1,True
PA36_Reverse_Optical_Flow_Backward_Texture_2_11_53_PM,PA36,1,1,1,True
PA36_Reverse_Optical_Flow_Foward_Texture_2_18_01_PM,PA36,1,1,1,True
PA37_Base_3_54_53_PM,PA37,1,1,1,True
PA37_Reverse_Optical_Flow_High_Density_10_04_29_AM,PA37,1,1,1,True
PA37_Reverse_Optical_Flow_Low_Density_11_08_37_AM,PA37,1,1,1,True
PA37_RoF_Backward_Texture_5_52_32_PM,PA37,1,1,1,True
PA38_Base_11_14_50_AM,PA38,1,1,1,True
PA38_Base_2_51_17_PM,PA38,1,1,1,True
PA38_ROF_Foward_WhiteLine_3_35_40_PM,PA38,1,1,1,True
PA38_Reverse_Optical_Flow_High_Density_3_08_57_PM,PA38,1,1,1,True
PA38_Reverse_Optical_Flow_Low_Density_3_01_14_PM,PA38,1,1,1,True
PA38_RoF_Backward_Texture_10_04_48_AM,PA38,1,1,1,True
PA38_RoF_Foward_Texture_10_05_18_AM,PA38,1,1,1,True
PA38_RoF_Original_1_54_44_PM,PA38,1,1,1,True
PA39_Base_3_45_51_PM,PA39,1,1,1,True
PA39_Base_4_40_16_PM,PA39,1,1,1,True
PA39_ROF_Foward_WhiteLine_3_40_20_PM,PA39,1,1,1,True
PA39_Reverse_Optical_Flow_High_Density_5_44_47_PM,PA39,1,1,1,True
PA39_Reverse_Optical_Flow_Low_Density_5_03_01_PM,PA39,1,1,1,True
PA39_RoF_Backward_Texture_3_47_24_PM,PA39,1,1,1,True
PA39_RoF_Foward_Texture_3_46_40_PM,PA39,1,1,1,True
PA39_RoF_Original_4_00_55_PM,PA39,1,1,1,True
PA3_Base,PA3,1,1,1,True
PA3_Base_11_42_50_AM,PA3,1,1,1,True
PA3_Base_3_31_37_PM,PA3,1,1,1,True
PA3_ROF_Original_1_43_57_PM,PA3,1,1,1,True
PA3_Reverse_Optical_Flow_Backward_Texture_4_38_41_PM,PA3,1,1,1,True
PA3_Reverse_Optical_Flow_Foward_Texture_11_42_35_AM,PA3,1,1,1,True
PA3_Reverse_Optical_Flow_High_Density_4_03_04_PM,PA3,1,1,1,True
PA3_Reverse_Optical_Flow_Low_Density_3_24_52_PM,PA3,1,1,1,True
PA3_RoF_Backward_Texture_10_30_28_AM,PA3,1,1,1,True
PA40_Base_2_04_50_PM,PA40,1,1,1,True
PA40_Base_4_05_37_PM,PA40,1,1,1,True
PA40_ROF_Foward_WhiteLine_4_29_26_PM,PA40,1,1,1,True
PA40_Reverse_Optical_Flow_High_Density_2_04_07_PM,PA40,1,1,1,True
PA40_Reverse_Optical_Flow_Low_Density_8_17_09_PM,PA40,1,1,1,True
PA40_RoF_Backward_Texture_10_05_57_AM,PA40,1,1,1,True
PA40_RoF_Foward_Texture_4_45_13_PM,PA40,1,1,1,True
PA40_RoF_Original_4_35_01_PM,PA40,1,1,1,True
PA41_Base_5_08_51_PM,PA41,1,1,1,True
PA41_Base_6_13_28_PM,PA41,1,1,1,True
PA41_ROF_Foward_WhiteLine_4_04_02_PM,PA41,1,1,1,True
PA41_Reverse_Optical_Flow_High_Density_4_38_33_PM,PA41,1,1,1,True
PA41_Reverse_Optical_Flow_Low_Density_7_17_06_PM,PA41,1,1,1,True
PA41_RoF_Backward_Texture_5_40_41_PM,PA41,1,1,1,True
PA41_RoF_Foward_Texture_11_04_35_AM,PA41,1,1,1,True
PA41_RoF_Original_4_19_49_PM,PA41,1,1,1,True
PA42_Base_10_19_04_AM,PA42,1,1,1,True
PA42_Base_7_03_20_PM,PA42,1,1,1,True
PA42_ROF_Foward_WhiteLine_10_18_06_AM,PA42,1,1,1,True
PA42_Reverse_Optical_Flow_High_Density_1_04_52_PM,PA42,1,1,1,True
PA42_Reverse_Optical_Flow_Low_Density_12_15_56_PM,PA42,1,1,1,True
PA42_RoF_Backward_Texture_7_16_05_PM,PA42,1,1,1,True
PA42_RoF_Foward_Texture_3_19_43_PM,PA42,1,1,1,True
PA42_RoF_Original_3_18_28_PM,PA42,1,1,1,True
PA43_Base_3_05_28_PM,PA43,1,1,1,True
PA44_Base_5_46_52_PM,PA44,1,1,1,True
PA44_ROF_Foward_WhiteLine_11_39_03_AM,PA44,1,1,1,True
PA44_RoF_Backward_Texture_2_47_14_PM,PA44,1,1,1,True
PA44_RoF_Foward_Texture_2_37_26_PM,PA44,1,1,1,True
PA44_RoF_Original_1_10_11_PM,PA44,1,1,1,True
PA45_Base_1_35_00_PM,PA45,1,1,1,True
PA45_ROF_Foward_WhiteLine_2_25_38_PM,PA45,1,1,1,True
PA45_RoF_Backward_Texture_4_09_26_PM,PA45,1,1,1,True
PA45_RoF_Foward_Texture_2_41_47_PM,PA45,1,1,1,True
PA45_RoF_Original_7_35_12_PM,PA45,1,1,1,True
PA46_Base_4_32_27_PM,PA46,1,1,1,True
PA46_ROF_Foward_WhiteLine_4_53_33_PM,PA46,1,1,1,True
PA46_RoF_Backward_Texture_4_33_57_PM,PA46,1,1,1,True
PA46_RoF_Foward_Texture_2_58_33_PM,PA46,1,1,1,True
PA46_RoF_Original_12_21_44_PM,PA46,1,1,1,True
PA47_Base_10_18_44_AM,PA47,1,1,1,True
PA48_Base_5_41_21_PM,PA48,1,1,1,True
PA48_ROF_Foward_WhiteLine_5_50_55_PM,PA48,1,1,1,True
PA48_RoF_Backward_Texture_2_50_22_PM,PA48,1,1,1,True
PA48_RoF_Foward_Texture_2_48_22_PM,PA48,1,1,1,True
PA49_Base_1_45_39_PM,PA49,1,1,1,True
PA49_ROF_Foward_WhiteLine_12_18_21_PM,PA49,1,1,1,True
PA49_RoF_Backward_Texture_7_10_01_PM,PA49,1,1,1,True
PA49_RoF_Foward_Texture_1_58_02_PM,PA49,1,1,1,True
PA49_RoF_Original_1_46_13_PM,PA49,1,1,1,True
PA49_RoF_Original_7_51_38_PM,PA49,1,1,1,True
PA4_Base_1_17_12_PM,PA4,1,1,1,True
PA4_Base_3_55_57_PM,PA4,1,1,1,True
PA4_Base_4_37_58_PM,PA4,1,1,1,True
PA4_Base_5_47_00_PM,PA4,1,1,1,True
PA4_ROF_Foward_WhiteLine_4_56_54_PM,PA4,1,1,1,True
PA4_ROF_Original_2_04_06_PM,PA4,1,1,1,True
PA4_Reverse_Optical_Flow_Backward_Texture_4_07_59_PM,PA4,1,1,1,True
PA4_Reverse_Optical_Flow_Foward_Texture_3_10_25_PM,PA4,1,1,1,True
PA4_Reverse_Optical_Flow_High_Density_1_22_54_PM,PA4,1,1,1,True
PA4_Reverse_Optical_Flow_Low_Density_1_00_14_PM,PA4,1,1,1,True
PA4_RoF_Backward_Texture_4_38_25_PM,PA4,1,1,1,True
PA4_RoF_Foward_Texture_3_29_40_PM,PA4,1,1,1,True
PA4_RoF_Original_1_43_36_PM,PA4,1,1,1,True
PA5_Base_11_36_47_AM,PA5,1,1,1,True
PA5_Base_2_28_46_PM,PA5,1,1,1,True
PA5_Base_3_31_38_PM,PA5,1,1,1,True
PA5_ROF_Foward_WhiteLine_2_34_58_PM,PA5,1,1,1,True
PA5_Reverse_Optical_Flow_Backward_Texture_5_30_32_PM,PA5,1,1,1,True
PA5_Reverse_Optical_Flow_High_Density_4_05_27_PM,PA5,1,1,1,True
PA5_Reverse_Optical_Flow_Low_Density_1_32_57_PM,PA5,1,1,1,True
PA5_RoF_Backward_Texture_2_16_56_PM,PA5,1,1,1,True
PA5_RoF_Foward_Texture_10_34_37_AM,PA5,1,1,1,True
PA5_RoF_Original_11_38_13_AM,PA5,1,1,1,True
PA6_Base_10_05_13_AM,PA6,1,1,1,True
PA6_Base_1_58_37_PM,PA6,1,1,1,True
PA6_Base_3_06_55_PM,PA6,1,1,1,True
PA6_ROF_Foward_WhiteLine_10_05_17_AM,PA6,1,1,1,True
PA6_ROF_Original_2_49_54_PM,PA6,1,1,1,True
PA6_Reverse_Optical_Flow_Backward_Texture_1_53_49_PM,PA6,1,1,1,True
PA6_Reverse_Optical_Flow_Foward_Texture_5_29_07_PM,PA6,1,1,1,True
PA6_Reverse_Optical_Flow_High_Density_11_12_13_AM,PA6,1,1,1,True
PA6_Reverse_Optical_Flow_Low_Density_2_39_19_PM,PA6,1,1,1,True
PA6_RoF_Backward_Texture_10_08_02_AM,PA6,1,1,1,True
PA6_RoF_Foward_Texture_10_21_11_AM,PA6,1,1,1,True
PA6_RoF_Original_10_09_50_AM,PA6,1,1,1,True
PA7_Base_12_03_44_PM,PA7,1,1,1,True
PA7_Base_12_06_13_PM,PA7,1,1,1,True
PA7_Base_1_07_38_PM,PA7,1,1,1,True
PA7_ROF_Original_10_31_09_AM,PA7,1,1,1,True
PA7_Reverse_Optical_Flow_Backward_Texture_11_19_30_AM,PA7,1,1,1,True
PA7_Reverse_Optical_Flow_Foward_Texture_3_00_55_PM,PA7,1,1,1,True
PA7_Reverse_Optical_Flow_High_Density_5_00_30_PM,PA7,1,1,1,True
PA7_Reverse_Optical_Flow_Low_Density_10_13_12_AM,PA7,1,1,1,True
PA8_Base_11_39_19_AM,PA8,1,1,1,True
PA8_Reverse_Optical_Flow_High_Density_5_08_22_PM,PA8,1,1,1,True
PA8_Reverse_Optical_Flow_Low_Density_2_07_04_PM,PA8,1,1,1,True
PA9_Base_10_03_40_AM,PA9,1,1,1,True
PA9_Base_10_08_32_AM,PA9,1,1,1,True
PA9_Base_12_04_13_PM,PA9,1,1,1,True
PA9_Base_4_25_44_PM,PA9,1,1,1,True
PA9_ROF_Foward_WhiteLine_1_33_29_PM,PA9,1,1,1,True
PA9_Reverse_Optical_Flow_Backward_Texture_10_05_03_AM,PA9,1,1,1,True
PA9_Reverse_Optical_Flow_Foward_Texture_10_44_53_AM,PA9,1,1,1,True
PA9_Reverse_Optical_Flow_High_Density_12_01_54_PM,PA9,1,1,1,True
PA9_Reverse_Optical_Flow_Low_Density_2_02_17_PM,PA9,1,1,1,True
PA9_RoF_Backward_Texture_10_21_17_AM,PA9,1,1,1,True
PA9_RoF_Foward_Texture_10_08_40_AM,PA9,1,1,1,True
PA9_RoF_Original_1_34_10_PM,PA9,1,1,1,True
